slug,name,tag
3brain,3Brain,Data Infrastructure
3brain,3Brain,OEM
ability-neurotech,ABILITY Neurotech,Assistive Technology
ability-neurotech,ABILITY Neurotech,Experimental
affectable-sleep,Affectable Sleep,Closed-loop
affectable-sleep,Affectable Sleep,Wellness
aleph-neuro,Aleph Neuro,Experimental
aleph-neuro,Aleph Neuro,Data Infrastructure
aleva-neurotherapeutics,Aleva Neurotherapeutics,Therapeutics
aleva-neurotherapeutics,Aleva Neurotherapeutics,Experimental
alljoined,Alljoined,Data Infrastructure
alljoined,Alljoined,Machine Learning
altoida,Altoida,Diagnostics
altoida,Altoida,Monitoring
alto-neuroscience,Alto Neuroscience,Decision Support
alto-neuroscience,Alto Neuroscience,Therapeutics
amber-therapeutics,Amber Therapeutics,Therapeutics
amber-therapeutics,Amber Therapeutics,Closed-loop
ampa-health,Ampa Health,Therapeutics
ampa-health,Ampa Health,Clinical Workflows
anthriq,Anthriq,Data Infrastructure
anthriq,Anthriq,OEM
anuevo,ANUEVO,Therapeutics
anuevo,ANUEVO,Assistive Technology
aora,Aora,Monitoring
aora,Aora,Wellness
apollo-neuro,Apollo Neuro,Monitoring
apollo-neuro,Apollo Neuro,Wellness
arctop,Arctop,Data Infrastructure
arctop,Arctop,Decision Support
artiria-medical,Artiria Medical,Clinical Workflows
artiria-medical,Artiria Medical,Decision Support
atlas,Atlas,Monitoring
atlas,Atlas,Wellness
attune-neurosciences,Attune Neurosciences,Therapeutics
attune-neurosciences,Attune Neurosciences,Closed-loop
audicin,Audicin,Wellness
audicin,Audicin,Experimental
aural-analytics,Aural Analytics,Diagnostics
aural-analytics,Aural Analytics,Monitoring
aurenar,Aurenar,Therapeutics
aurenar,Aurenar,Clinical Workflows
awear,AWEAR,Monitoring
awear,AWEAR,Machine Learning
axoft,Axoft,Rehabilitation
axoft,Axoft,OEM
axorus,Axorus,Assistive Technology
axorus,Axorus,Experimental
beacon-biosignals,Beacon Biosignals,Data Infrastructure
beacon-biosignals,Beacon Biosignals,Decision Support
bia-neuroscience,Bía Neuroscience,Monitoring
bia-neuroscience,Bía Neuroscience,Closed-loop
biological-input-output-systems,Biological Input Output Systems,Assistive Technology
biological-input-output-systems,Biological Input Output Systems,Experimental
bioness-medical,Bioness Medical,Assistive Technology
bioness-medical,Bioness Medical,Clinical Workflows
bioserenity,BioSerenity,Diagnostics
bioserenity,BioSerenity,Machine Learning
bios-health,BIOS Health,Decision Support
bios-health,BIOS Health,Closed-loop
bitbrain,Bitbrain,Machine Learning
bitbrain,Bitbrain,Data Infrastructure
blackrock-neurotech,Blackrock Neurotech,OEM
blackrock-neurotech,Blackrock Neurotech,Rehabilitation
bottneuro,Bottneuro,Monitoring
bottneuro,Bottneuro,Therapeutics
brainbit,BrainBit,OEM
brainbit,BrainBit,Monitoring
braincapture,BrainCapture,Diagnostics
braincapture,BrainCapture,Clinical Workflows
braincheck,BrainCheck,Diagnostics
braincheck,BrainCheck,Clinical Workflows
brainco,BrainCo,Assistive Technology
brainco,BrainCo,Wellness
brainkey,BrainKey,Monitoring
brainkey,BrainKey,Aging
brainomix,Brainomix,Decision Support
brainomix,Brainomix,Clinical Workflows
brainpatch,BrainPatch,Wellness
brainpatch,BrainPatch,Therapeutics
brainphonics,Brainphonics,Diagnostics
brainphonics,Brainphonics,Decision Support
brain-q,BRAIN.Q,Therapeutics
brain-q,BRAIN.Q,Closed-loop
brainquant,Brainquant,Diagnostics
brainquant,Brainquant,Aging
brainscan,BrainScan,Decision Support
brainscan,BrainScan,Clinical Workflows
brainscope,BrainScope,Diagnostics
brainscope,BrainScope,Decision Support
brainsightai,BrainSightAI,Decision Support
brainsightai,BrainSightAI,Clinical Workflows
brainsway,BrainsWay,Therapeutics
brainsway,BrainsWay,Clinical Workflows
braintrip,BrainTrip,Data Infrastructure
braintrip,BrainTrip,Machine Learning
brnlit-ai,BRNLIT AI,Wellness
brnlit-ai,BRNLIT AI,Monitoring
cadence-neuroscience,Cadence Neuroscience,Therapeutics
cadence-neuroscience,Cadence Neuroscience,Closed-loop
cahira-technologies,Cahira Technologies,Experimental
cahira-technologies,Cahira Technologies,Therapeutics
cala-health,Cala Health,Monitoring
cala-health,Cala Health,Therapeutics
cambridge-cognition,Cambridge Cognition,Diagnostics
cambridge-cognition,Cambridge Cognition,Monitoring
cambridge-neurotech,Cambridge NeuroTech,Data Infrastructure
cambridge-neurotech,Cambridge NeuroTech,OEM
capri-medical,Capri Medical,Experimental
capri-medical,Capri Medical,Closed-loop
carthera,Carthera,Therapeutics
carthera,Carthera,Experimental
cefaly,Cefaly,Monitoring
cefaly,Cefaly,Experimental
cerca-magnetics,Cerca Magnetics,Diagnostics
cerca-magnetics,Cerca Magnetics,Monitoring
cercare-medical,Cercare Medical,Decision Support
cercare-medical,Cercare Medical,Clinical Workflows
cerebriu,Cerebriu,Decision Support
cerebriu,Cerebriu,Clinical Workflows
ceregate,CereGate,Closed-loop
ceregate,CereGate,Therapeutics
cerevia-neurosciences,Cerevia Neurosciences,Therapeutics
cerevia-neurosciences,Cerevia Neurosciences,Closed-loop
ceribell,Ceribell,Diagnostics
ceribell,Ceribell,Monitoring
charco-neurotech,Charco Neurotech,Therapeutics
charco-neurotech,Charco Neurotech,Experimental
cionic,Cionic,Therapeutics
cionic,Cionic,Closed-loop
clarity,Clarity,Aging
clarity,Clarity,Therapeutics
clee-medical,Clee Medical,OEM
clee-medical,Clee Medical,Clinical Workflows
coapt,Coapt,Machine Learning
coapt,Coapt,Assistive Technology
cogitat,Cogitat,Machine Learning
cogitat,Cogitat,Data Infrastructure
cognision,Cognision,Diagnostics
cognision,Cognision,Clinical Workflows
cognito-therapeutics,Cognito Therapeutics,Aging
cognito-therapeutics,Cognito Therapeutics,Therapeutics
cognixion,Cognixion,Assistive Technology
cognixion,Cognixion,AR/VR
cognoa,Cognoa,Pediatric
cognoa,Cognoa,Diagnostics
cogwear,Cogwear,Monitoring
cogwear,Cogwear,Decision Support
coherence-neuro,Coherence Neuro,Closed-loop
coherence-neuro,Coherence Neuro,Therapeutics
comind,CoMind,Monitoring
comind,CoMind,Clinical Workflows
connectoma-neurotech,Connectoma Neurotech,Therapeutics
connectoma-neurotech,Connectoma Neurotech,Machine Learning
connectome-health,Connectome Health,Monitoring
connectome-health,Connectome Health,Aging
control-bionics,Control Bionics,Assistive Technology
control-bionics,Control Bionics,Closed-loop
cordance-medical,Cordance Medical,Therapeutics
cordance-medical,Cordance Medical,Diagnostics
cortec,CorTec,Closed-loop
cortec,CorTec,Therapeutics
corticale,Corticale,Experimental
corticale,Corticale,Therapeutics
cortical-labs,Cortical Labs,Data Infrastructure
cortical-labs,Cortical Labs,Experimental
cortivision,CortiVision,Data Infrastructure
cortivision,CortiVision,Monitoring
cranius-therapeutics,CraniUS Therapeutics,Experimental
cranius-therapeutics,CraniUS Therapeutics,Clinical Workflows
ctrl-labs,CTRL-labs (Meta),Assistive Technology
ctrl-labs,CTRL-labs (Meta),AR/VR
cumulus-neuroscience,Cumulus Neuroscience,Data Infrastructure
cumulus-neuroscience,Cumulus Neuroscience,Monitoring
curonix,Curonix,Therapeutics
curonix,Curonix,Clinical Workflows
dandelion-science,Dandelion Science,Therapeutics
dandelion-science,Dandelion Science,Machine Learning
deegtal,DEEGtal,Diagnostics
deegtal,DEEGtal,Decision Support
deep-sleep-technologies,Deep Sleep Technologies,Closed-loop
deep-sleep-technologies,Deep Sleep Technologies,Monitoring
deepspin,DeepSpin,Diagnostics
deepspin,DeepSpin,Clinical Workflows
earable-neuroscience,Earable Neuroscience,Wellness
earable-neuroscience,Earable Neuroscience,Monitoring
eightsix-science,Eightsix Science,OEM
eightsix-science,Eightsix Science,Experimental
elda-braintech,ELDA BrainTech,Diagnostics
elda-braintech,ELDA BrainTech,Decision Support
electrocore,ElectroCore,Therapeutics
electrocore,ElectroCore,Clinical Workflows
elemind,Elemind,Monitoring
elemind,Elemind,Wellness
emotiv,EMOTIV,Data Infrastructure
emotiv,EMOTIV,Machine Learning
empatica,Empatica,Monitoring
empatica,Empatica,Clinical Workflows
emteq-labs,Emteq Labs,Machine Learning
emteq-labs,Emteq Labs,Monitoring
emvision,EMVision,Diagnostics
emvision,EMVision,Clinical Workflows
encora-therapeutics,Encora Therapeutics,Closed-loop
encora-therapeutics,Encora Therapeutics,Clinical Workflows
eneura-edb82,eNeura,Therapeutics
eneura-edb82,eNeura,Monitoring
enspire-dbs,Enspire DBS,Therapeutics
enspire-dbs,Enspire DBS,Clinical Workflows
epia-neuro,Epia Neuro,Diagnostics
epia-neuro,Epia Neuro,Monitoring
epiminder,Epiminder,Monitoring
epiminder,Epiminder,Experimental
epitel,Epitel,Monitoring
epitel,Epitel,Clinical Workflows
epiwatch,EpiWatch,Diagnostics
epiwatch,EpiWatch,Monitoring
evocal-health,EVOCAL Health,Diagnostics
evocal-health,EVOCAL Health,Data Infrastructure
eysz,Eysz,Diagnostics
eysz,Eysz,Monitoring
farow,Farow,Pediatric
farow,Farow,Monitoring
finalspark,FinalSpark,Data Infrastructure
finalspark,FinalSpark,Experimental
firefly-neuroscience,Firefly Neuroscience,Diagnostics
firefly-neuroscience,Firefly Neuroscience,Decision Support
fisher-wallace-labs,Fisher Wallace Labs,Therapeutics
fisher-wallace-labs,Fisher Wallace Labs,Machine Learning
flectothink,FlectoThink,Monitoring
flectothink,FlectoThink,Wellness
flourish,Flourish,Machine Learning
flourish,Flourish,Data Infrastructure
flow-neuroscience,Flow Neuroscience,Therapeutics
flow-neuroscience,Flow Neuroscience,Machine Learning
fluent-bci,Fluent,Assistive Technology
fluent-bci,Fluent,Experimental
forest-neurotech,Forest Neurotech,Data Infrastructure
forest-neurotech,Forest Neurotech,Experimental
general-sense,General Sense,Machine Learning
general-sense,General Sense,Experimental
gestala,Gestala,Experimental
gestala,Gestala,Closed-loop
gowerlabs,Gowerlabs,Data Infrastructure
gowerlabs,Gowerlabs,OEM
graymatters-health,GrayMatters Health,Therapeutics
graymatters-health,GrayMatters Health,Closed-loop
great-lakes-neurotech,Great Lakes NeuroTech,Monitoring
great-lakes-neurotech,Great Lakes NeuroTech,Diagnostics
grey-matter-neurosciences,Grey Matter Neurosciences,Aging
grey-matter-neurosciences,Grey Matter Neurosciences,Therapeutics
g-tec,G.tec,OEM
g-tec,G.tec,Data Infrastructure
halo-neuroscience,Halo Neuroscience,Wellness
hemispheric,Hemispheric,Data Infrastructure
hemispheric,Hemispheric,Machine Learning
hyperfine,Hyperfine,Diagnostics
hyperfine,Hyperfine,Clinical Workflows
i-braintech,i-BrainTech,Monitoring
i-braintech,i-BrainTech,Wellness
icometrix,Icometrix,Decision Support
icometrix,Icometrix,Clinical Workflows
iconeus,ICONEUS,Data Infrastructure
iconeus,ICONEUS,Experimental
idun-technologies,IDUN Technologies,Data Infrastructure
idun-technologies,IDUN Technologies,Monitoring
imeka,Imeka,Diagnostics
imeka,Imeka,Decision Support
inbrain-neuroelectronics,INBRAIN Neuroelectronics,Machine Learning
inbrain-neuroelectronics,INBRAIN Neuroelectronics,Closed-loop
inner-cosmos,Inner Cosmos,Experimental
inner-cosmos,Inner Cosmos,Therapeutics
insai,Insai,Machine Learning
insai,Insai,Decision Support
insellar,Insellar,Experimental
insellar,Insellar,Therapeutics
inspire-medical-systems,Inspire Medical Systems,Therapeutics
inspire-medical-systems,Inspire Medical Systems,Closed-loop
intactis-bio,Intactis Bio,Experimental
intactis-bio,Intactis Bio,Data Infrastructure
iota-biosciences,Iota Biosciences,Experimental
iota-biosciences,Iota Biosciences,Closed-loop
kandu,Kandu,Rehabilitation
kandu,Kandu,Clinical Workflows
karavela-ai,Karavela AI,Machine Learning
karavela-ai,Karavela AI,Data Infrastructure
kernel,Kernel,OEM
kernel,Kernel,Monitoring
kinesix-xr,Kinesix XR,AR/VR
kinesix-xr,Kinesix XR,Machine Learning
kneu-health,Kneu Health,Monitoring
kneu-health,Kneu Health,Clinical Workflows
koniku,Koniku,Data Infrastructure
koniku,Koniku,Experimental
kyma-neuro,Kyma Neuro,Data Infrastructure
kyma-neuro,Kyma Neuro,Experimental
linus-health,Linus Health,Diagnostics
linus-health,Linus Health,Decision Support
longeviti-neuro-solutions,Longeviti Neuro Solutions,Clinical Workflows
longeviti-neuro-solutions,Longeviti Neuro Solutions,Decision Support
looxid-labs,Looxid Labs,AR/VR
looxid-labs,Looxid Labs,Machine Learning
lyeons-neurotech,LYEONS Neurotech,Wellness
lyeons-neurotech,LYEONS Neurotech,Monitoring
machinemd,MachineMD,Diagnostics
machinemd,MachineMD,AR/VR
machine-medicine,Machine Medicine,Data Infrastructure
machine-medicine,Machine Medicine,Decision Support
magnetic-tides,Magnetic Tides,Therapeutics
magnetic-tides,Magnetic Tides,Experimental
magnus-medical,Magnus Medical,Therapeutics
magnus-medical,Magnus Medical,Clinical Workflows
mainstay-medical,Mainstay Medical,Therapeutics
mainstay-medical,Mainstay Medical,Clinical Workflows
manava-plus,Manava Plus,Rehabilitation
manava-plus,Manava Plus,Experimental
marbles-health,Marbles Health,Therapeutics
marbles-health,Marbles Health,Machine Learning
mave-health,Mave Health,Wellness
mave-health,Mave Health,Closed-loop
maxwell-biosystems,MaxWell Biosystems,Data Infrastructure
maxwell-biosystems,MaxWell Biosystems,OEM
mendi,Mendi,Wellness
mendi,Mendi,Monitoring
merge-labs,Merge Labs,Experimental
merge-labs,Merge Labs,Machine Learning
mindaffect,MindAffect,Therapeutics
mindaffect,MindAffect,Wellness
mindmuscle,MindMuscle,Pediatric
mindmuscle,MindMuscle,Wellness
mindrove,MindRove,Data Infrastructure
mindrove,MindRove,OEM
mintneuro,MintNeuro,Data Infrastructure
mintneuro,MintNeuro,OEM
mjn-neuroserveis,MJN Neuroserveis,Monitoring
mjn-neuroserveis,MJN Neuroserveis,Diagnostics
mobia-medical,Mobia Medical,Therapeutics
mobia-medical,Mobia Medical,Rehabilitation
mon4t,Mon4t,Decision Support
mon4t,Mon4t,Monitoring
morph-labs,Morph Labs,Assistive Technology
morph-labs,Morph Labs,Experimental
motif-neurotech,Motif Neurotech,Experimental
motif-neurotech,Motif Neurotech,Therapeutics
muse,Muse,Monitoring
muse,Muse,Wellness
myndlift,Myndlift,Monitoring
myndlift,Myndlift,Wellness
myndspan,MYndspan,Diagnostics
myndspan,MYndspan,Aging
nalu-medical,Nalu Medical,Therapeutics
nalu-medical,Nalu Medical,Clinical Workflows
naox-technologies,NAOX Technologies,Monitoring
naox-technologies,NAOX Technologies,Clinical Workflows
naqi-logix,Naqi Logix,Assistive Technology
naqi-logix,Naqi Logix,OEM
navifus,NaviFUS,Therapeutics
navifus,NaviFUS,Experimental
nervonik,Nervonik,Therapeutics
nervonik,Nervonik,Clinical Workflows
netholabs,Netholabs,Data Infrastructure
netholabs,Netholabs,Experimental
neubond,Neubond,Therapeutics
neubond,Neubond,Rehabilitation
neucyber-neurotech,NeuCyber NeuroTech,Assistive Technology
neucyber-neurotech,NeuCyber NeuroTech,Experimental
neunos,Neunos,Experimental
neunos,Neunos,Closed-loop
neupulse,Neupulse,Therapeutics
neupulse,Neupulse,Pediatric
neurable,Neurable,Wellness
neurable,Neurable,Monitoring
neuracle,Neuracle,Assistive Technology
neuracle,Neuracle,Therapeutics
neural-galaxy,Neural Galaxy,Therapeutics
neural-galaxy,Neural Galaxy,Closed-loop
neuralight,NeuraLight,Machine Learning
neuralight,NeuraLight,Decision Support
neuralink,Neuralink,Rehabilitation
neuralink,Neuralink,Therapeutics
neuralpulse,NeuralPulse,Closed-loop
neuralpulse,NeuralPulse,Therapeutics
neuramatrix,NeuraMatrix,Data Infrastructure
neuramatrix,NeuraMatrix,Closed-loop
neuraura,Neuraura,Therapeutics
neuraura,Neuraura,Monitoring
neuraworx,NeuraWorx,Experimental
neuraworx,NeuraWorx,Therapeutics
neurinnov,Neurinnov,Rehabilitation
neurinnov,Neurinnov,Therapeutics
neuro42,Neuro42,Diagnostics
neuro42,Neuro42,Clinical Workflows
neuroacoustics,Neuroacoustics,Closed-loop
neuroacoustics,Neuroacoustics,Therapeutics
neurobell,NeuroBell,Pediatric
neurobell,NeuroBell,Monitoring
neurobionics,NeuroBionics,Experimental
neurobionics,NeuroBionics,OEM
neurobrave,NeuroBrave,Machine Learning
neurobrave,NeuroBrave,Decision Support
neurocast,Neurocast,Diagnostics
neurocast,Neurocast,Machine Learning
neuroclues,neuroClues,Diagnostics
neuroclues,neuroClues,Machine Learning
neuroconcise,NeuroCONCISE,Machine Learning
neuroconcise,NeuroCONCISE,Assistive Technology
neurode,Neurode,Therapeutics
neurode,Neurode,Experimental
neuroelectrics,Neuroelectrics,Therapeutics
neuroelectrics,Neuroelectrics,Clinical Workflows
neuroem-therapeutics,NeuroEM Therapeutics,Aging
neuroem-therapeutics,NeuroEM Therapeutics,Experimental
neuro-event-labs,Neuro Event Labs,Diagnostics
neuro-event-labs,Neuro Event Labs,Monitoring
neurolief,Neurolief,Therapeutics
neurolief,Neurolief,Clinical Workflows
neurolife,NeuroLife,Therapeutics
neurolife,NeuroLife,Rehabilitation
neurolight,NeuroLight,Wellness
neurolight,NeuroLight,Experimental
neuromod,Neuromod,Therapeutics
neuromod,Neuromod,Clinical Workflows
neuronic,Neuronic,Wellness
neuronic,Neuronic,Experimental
neuronoff,Neuronoff,Experimental
neuronoff,Neuronoff,Therapeutics
neuronostics,Neuronostics,Diagnostics
neuronostics,Neuronostics,Decision Support
neuroone,NeuroOne,Monitoring
neuroone,NeuroOne,OEM
neuropace,NeuroPace,Closed-loop
neuropace,NeuroPace,Therapeutics
neuropacs,Neuropacs,Diagnostics
neuropacs,Neuropacs,Machine Learning
neurophet,Neurophet,Diagnostics
neurophet,Neurophet,Decision Support
neurosigma,NeuroSigma,Pediatric
neurosigma,NeuroSigma,Therapeutics
neurosity,Neurosity,Wellness
neurosity,Neurosity,Monitoring
neuros-medical,Neuros Medical,Therapeutics
neuros-medical,Neuros Medical,Clinical Workflows
neurosoft-bioelectronics,Neurosoft Bioelectronics,Closed-loop
neurosoft-bioelectronics,Neurosoft Bioelectronics,Assistive Technology
neurosteer,Neurosteer,Monitoring
neurosteer,Neurosteer,Clinical Workflows
neurotrack,Neurotrack,Diagnostics
neurotrack,Neurotrack,Aging
neurovalens,Neurovalens,Monitoring
neurovalens,Neurovalens,Therapeutics
neuroventis,Neuroventis,Monitoring
neuroventis,Neuroventis,Clinical Workflows
neurowyzr,Neurowyzr,Monitoring
neurowyzr,Neurowyzr,Wellness
neurox,NeuroX,Monitoring
neurox,NeuroX,Wellness
neuroxess,NeuroXess,Clinical Workflows
neuroxess,NeuroXess,Assistive Technology
neuspera,Neuspera,Therapeutics
neuspera,Neuspera,Clinical Workflows
neuvana,Neuvana,Wellness
neuvana,Neuvana,Experimental
neuvotion,Neuvotion,Closed-loop
neuvotion,Neuvotion,Assistive Technology
newronika,Newronika,Closed-loop
newronika,Newronika,Therapeutics
nexalin,Nexalin,Therapeutics
nexalin,Nexalin,Experimental
nexstim,Nexstim,Therapeutics
nexstim,Nexstim,Clinical Workflows
nextmind-snap-ar,NextMind (Snap AR),AR/VR
nextmind-snap-ar,NextMind (Snap AR),Assistive Technology
nextsense,NextSense,Closed-loop
nextsense,NextSense,Monitoring
nia-therapeutics,Nia Therapeutics,Experimental
nia-therapeutics,Nia Therapeutics,Closed-loop
nimbus,Nimbus,Data Infrastructure
nimbus,Nimbus,Machine Learning
noctrix-health,Noctrix Health,Therapeutics
noctrix-health,Noctrix Health,Clinical Workflows
noxisense,Noxisense,Diagnostics
noxisense,Noxisense,Experimental
nubrain,Nubrain,Data Infrastructure
nubrain,Nubrain,Machine Learning
nudge,Nudge,Wellness
nudge,Nudge,Experimental
nuromova-technology,Nuromova Technology,Monitoring
nuromova-technology,Nuromova Technology,Wellness
nuropod,Nuropod,Wellness
nuropod,Nuropod,Therapeutics
nuuron,Nuuron,Therapeutics
nuuron,Nuuron,Aging
nyxoah,Nyxoah,Therapeutics
nyxoah,Nyxoah,Clinical Workflows
oculogica,Oculogica,Diagnostics
oculogica,Oculogica,Clinical Workflows
omniscient,Omniscient,Decision Support
omniscient,Omniscient,Clinical Workflows
onward-medical,Onward Medical,Assistive Technology
onward-medical,Onward Medical,Therapeutics
openbci,OpenBCI,Data Infrastructure
openbci,OpenBCI,OEM
open-neurotech,Open Neurotech,Data Infrastructure
open-neurotech,Open Neurotech,OEM
openwater,Openwater,Diagnostics
openwater,Openwater,Therapeutics
optohive,Optohive,Monitoring
optohive,Optohive,Data Infrastructure
orbit,Orbit,Machine Learning
orbit,Orbit,Experimental
oymotion-technology,OYMotion Technology,Assistive Technology
oymotion-technology,OYMotion Technology,OEM
panaxium,Panaxium,Therapeutics
panaxium,Panaxium,Closed-loop
panda-surgical,Panda Surgical,Clinical Workflows
panda-surgical,Panda Surgical,Experimental
paradromics,Paradromics,Assistive Technology
paradromics,Paradromics,Experimental
pathmaker-neurosystems,PathMaker Neurosystems,Therapeutics
pathmaker-neurosystems,PathMaker Neurosystems,Experimental
phantom-neuro,Phantom Neuro,Assistive Technology
phantom-neuro,Phantom Neuro,OEM
phosphoenix,Phosphoenix,Assistive Technology
phosphoenix,Phosphoenix,Experimental
pieeg,PiEEG,Data Infrastructure
pieeg,PiEEG,Experimental
piramidal,Piramidal,Machine Learning
pison-technology,Pison Technology,Wellness
pison-technology,Pison Technology,Monitoring
pixyl,PIXYL,Diagnostics
pixyl,PIXYL,Decision Support
platoscience,PlatoScience,Therapeutics
platoscience,PlatoScience,Clinical Workflows
positrigo,Positrigo,Diagnostics
positrigo,Positrigo,Aging
precision-neuroscience,Precision Neuroscience,Assistive Technology
precision-neuroscience,Precision Neuroscience,Experimental
precisis,Precisis,Therapeutics
precisis,Precisis,Clinical Workflows
presidio-medical,Presidio Medical,Closed-loop
presidio-medical,Presidio Medical,Therapeutics
prima-mente,Prima Mente,Machine Learning
prima-mente,Prima Mente,Data Infrastructure
prophetic,Prophetic,Wellness
prophetic,Prophetic,Experimental
psyonic,PSYONIC,Assistive Technology
psyonic,PSYONIC,Machine Learning
pulsetto,Pulsetto,Wellness
pulsetto,Pulsetto,Monitoring
purple-gaze,Purple Gaze,Diagnostics
purple-gaze,Purple Gaze,Pediatric
qmenta,QMENTA,Data Infrastructure
qmenta,QMENTA,Clinical Workflows
quantalx-neuroscience,QuantalX Neuroscience,Diagnostics
quantalx-neuroscience,QuantalX Neuroscience,Decision Support
quantanosis,Quantanosis,Therapeutics
quantanosis,Quantanosis,Experimental
qv-bioelectronics,QV Bioelectronics,Therapeutics
qv-bioelectronics,QV Bioelectronics,Experimental
qviti,QVITI,Therapeutics
qviti,QVITI,AR/VR
reach-neuro,Reach Neuro,Assistive Technology
reach-neuro,Reach Neuro,Therapeutics
resolve-stroke,Resolve Stroke,Monitoring
resolve-stroke,Resolve Stroke,Decision Support
retispec,RetiSpec,Diagnostics
retispec,RetiSpec,Aging
revision-implant,ReVision Implant,Assistive Technology
revision-implant,ReVision Implant,Experimental
rhovica-neuroimaging,Rhovica Neuroimaging,Clinical Workflows
rhovica-neuroimaging,Rhovica Neuroimaging,Monitoring
rune-labs,Rune Labs,Monitoring
rune-labs,Rune Labs,Clinical Workflows
ruten-inc,Ruten Inc,Assistive Technology
ruten-inc,Ruten Inc,Experimental
sabi,Sabi,Experimental
sabi,Sabi,Assistive Technology
saluda-medical,Saluda Medical,Closed-loop
saluda-medical,Saluda Medical,Therapeutics
salvia-bioelectronics,Salvia BioElectronics,Therapeutics
salvia-bioelectronics,Salvia BioElectronics,Clinical Workflows
samphire-neuroscience,Samphire Neuroscience,Therapeutics
samphire-neuroscience,Samphire Neuroscience,Experimental
sana-health,Sana Health,Therapeutics
sana-health,Sana Health,Monitoring
sanmai,Sanmai,Therapeutics
sanmai,Sanmai,Machine Learning
science-corp,Science Corp,Assistive Technology
science-corp,Science Corp,Experimental
secondwave-systems,SecondWave Systems,Therapeutics
secondwave-systems,SecondWave Systems,Experimental
sens-ai,Sens.ai,Wellness
sens-ai,Sens.ai,Monitoring
sensars,Sensars,Assistive Technology
sensars,Sensars,Therapeutics
sense-neuro-diagnostics,Sense Neuro Diagnostics,Diagnostics
sense-neuro-diagnostics,Sense Neuro Diagnostics,Decision Support
senseye,Senseye,Diagnostics
senseye,Senseye,Decision Support
sensome,Sensome,Decision Support
sensome,Sensome,Clinical Workflows
setpoint-medical,SetPoint Medical,Therapeutics
setpoint-medical,SetPoint Medical,Clinical Workflows
sevaro,Sevaro,Decision Support
sevaro,Sevaro,Clinical Workflows
sharper-sense,Sharper Sense,Experimental
sharper-sense,Sharper Sense,Wellness
shiratronics,ShiraTronics,Therapeutics
shiratronics,ShiraTronics,Experimental
sinaptica-therapeutics,Sinaptica Therapeutics,Aging
sinaptica-therapeutics,Sinaptica Therapeutics,Therapeutics
somareality,Somareality,Monitoring
somnee,Somnee,Wellness
somnee,Somnee,Monitoring
sona,SONA,Closed-loop
sona,SONA,Wellness
sond,SOND,Monitoring
sond,SOND,Closed-loop
sonomind,SonoMind,Experimental
sonomind,SonoMind,Therapeutics
sononeu,SonoNeu,Therapeutics
sononeu,SonoNeu,Experimental
sooma-medical,Sooma Medical,Therapeutics
sooma-medical,Sooma Medical,Clinical Workflows
sound-wave-innovation,Sound Wave Innovation,Therapeutics
sound-wave-innovation,Sound Wave Innovation,Aging
spark-biomedical,Spark Biomedical,Therapeutics
spark-biomedical,Spark Biomedical,Clinical Workflows
spinally,Spinally,Closed-loop
spinally,Spinally,Therapeutics
spinex,SpineX,Therapeutics
spinex,SpineX,Pediatric
spiro-medical,Spiro Medical,Therapeutics
spiro-medical,Spiro Medical,Experimental
spr-pain-relief,SPR Pain Relief,Therapeutics
spr-pain-relief,SPR Pain Relief,Clinical Workflows
stairmed,StairMed,Assistive Technology
stairmed,StairMed,Experimental
starfish-neuroscience,Starfish Neuroscience,Experimental
starfish-neuroscience,Starfish Neuroscience,Therapeutics
stimvia,Stimvia,Therapeutics
stimvia,Stimvia,Clinical Workflows
subsense-inc,Subsense Inc,Experimental
subsense-inc,Subsense Inc,Therapeutics
subtle-medical,Subtle Medical,Machine Learning
subtle-medical,Subtle Medical,Decision Support
surf-therapeutics,Surf Therapeutics,Experimental
surf-therapeutics,Surf Therapeutics,Therapeutics
sychedelic,Sychedelic,Wellness
sychedelic,Sychedelic,Closed-loop
synaptive-medical,Synaptive Medical,Diagnostics
synaptive-medical,Synaptive Medical,Clinical Workflows
synaptrix-labs,Synaptrix Labs,Machine Learning
synaptrix-labs,Synaptrix Labs,Assistive Technology
synchneuro,SynchNeuro,Machine Learning
synchneuro,SynchNeuro,Monitoring
synchron,Synchron,Rehabilitation
synchron,Synchron,Assistive Technology
synchroni,Synchroni,Data Infrastructure
synchroni,Synchroni,Machine Learning
synergia-medical,Synergia Medical,Therapeutics
synergia-medical,Synergia Medical,Clinical Workflows
syntropic,Syntropic,Experimental
syntropic,Syntropic,Therapeutics
temple,Temple,Monitoring
temple,Temple,Wellness
the-biological-computing-co,The Biological Computing Co,Data Infrastructure
the-biological-computing-co,The Biological Computing Co,Experimental
theranica,Theranica,Therapeutics
theranica,Theranica,Clinical Workflows
therasonic,TheraSonic,Therapeutics
therasonic,TheraSonic,Experimental
theta-neurotech,Theta Neurotech,Diagnostics
theta-neurotech,Theta Neurotech,Monitoring
thymia,Thymia,Diagnostics
time-is-brain,Time Is Brain,Clinical Workflows
time-is-brain,Time Is Brain,Monitoring
tiposi,Tiposi,Diagnostics
tiposi,Tiposi,Machine Learning
uneeg-medical,UNEEG Medical,Monitoring
uneeg-medical,UNEEG Medical,Clinical Workflows
universal-brain,Universal Brain,Diagnostics
universal-brain,Universal Brain,Decision Support
u-the-mind-company,U: The mind company,Wellness
u-the-mind-company,U: The mind company,Therapeutics
vagustim,Vagustim,Experimental
vagustim,Vagustim,Wellness
vielight,Vielight,Wellness
vielight,Vielight,Experimental
viewmind,ViewMind,Diagnostics
viewmind,ViewMind,AR/VR
vistim-labs,Vistim Labs,Monitoring
vistim-labs,Vistim Labs,Aging
vonova,Vonova,Diagnostics
vonova,Vonova,Clinical Workflows
voxneuro,VoxNeuro,Diagnostics
voxneuro,VoxNeuro,Monitoring
wave-neuroscience,Wave Neuroscience,Clinical Workflows
wave-neuroscience,Wave Neuroscience,Therapeutics
wearable-devices,Wearable Devices,Assistive Technology
wearable-devices,Wearable Devices,AR/VR
wellumio,Wellumio,Diagnostics
wellumio,Wellumio,Clinical Workflows
winterlight-labs,Winterlight Labs,Diagnostics
winterlight-labs,Winterlight Labs,Aging
wise,WISE,Decision Support
wise,WISE,Clinical Workflows
wisear,Wisear,AR/VR
xanastim,XanaStim,Therapeutics
xanastim,XanaStim,Monitoring
x-trodes,X-trodes,OEM
x-trodes,X-trodes,Data Infrastructure
yneuro,Yneuro,Experimental
yneuro,Yneuro,Machine Learning
zander-labs,Zander Labs,Decision Support
zander-labs,Zander Labs,Machine Learning
zenowell,ZenoWell,Therapeutics
zenowell,ZenoWell,Wellness
zeta-surgical,Zeta Surgical,Clinical Workflows
zeta-surgical,Zeta Surgical,Machine Learning
zhiran-medical,Zhiran Medical,Assistive Technology
zhiran-medical,Zhiran Medical,Experimental
